ESTACION,LATITUD,LONGITUD
MONTEGRANDE,-7.22499,-79.15323
YONAN GORE,-7.25592,-79.09908
QUEROCOTILLO,-6.27366,-79.03696
PUENTE  MAYGASBAMBA,-6.67411,-78.52437
QUEBRADA SHUGAR,-6.68778,-78.45694
CHUGUR,-6.66878,-78.738
CACAO,-5.8837,-78.9625
EL LIMON,-5.91778,-79.31722
HACIENDA PUCARA,-6.04167,-79.13389
SAN MIGUEL,-5.24006,-78.91138
COCHALAN,-5.4654,-78.9888
COCHALAN,-5.4651,-78.9885
TABACONAS,-5.32221,-79.28779
LIVES,-7.0802,-79.04045
CIRATO,-6.65579,-79.07395
CHANCAY BAÑOS,-6.575,-78.86722
SALCCA,-14.16997,-71.23187
CHACLLABAMBA,-13.10855,-71.72
CHONTACHACA,-13.02389,-71.46778
HUANCALPI,-12.58029,-75.24179
HUACHOS,-13.2206,-75.53348
SAN JUAN DE CASTROVIRREYNA,-13.21198,-75.62758
CHOCLOCOCHA,-13.1588,-75.07145
PAUCARBAMBA,-12.55573,-74.53592
CORDOVA,-14.04061,-75.18698
TUNEL CERO,-13.25932,-75.08596
CUSICANCHA,-13.50399,-75.29625
CHALLACA PLU,-13.7896,-75.40029
CHALLACA,-13.79047,-75.38212
SANTIAGO DE CHOCORVOS,-13.83308,-75.25083
TAMBO,-13.69163,-75.27418
CHINCHAVITO,-9.515,-75.9425
TARUCA,-9.85038,-76.15236
HUERTAS,-10.1265,-76.20511
JACAS GRANDE,-9.5433,-76.76042
PUENTE BELLA,-9.32411,-76.02935
PUENTE PEREZ,-9.34694,-75.9825
HUAMANI EL TAMBO,-13.84358,-75.58928
LOS MOLINOS,-13.9248,-75.6786
CONTA,-13.43942,-75.97514
HUALLPOCA,-14.632,-74.9559
MADRIGAL,-15.60999,-71.80654
SUMBAY,-15.8412,-71.1146
PILLONES,-15.98124,-71.2167
PUENTE COLGANTE-SIBAYO,-15.4942,-71.4637
PORPERA,-15.3142,-71.3064
TISCO,-15.34577,-71.44702
CHICHAS,-15.54811,-72.91831
SALAMANCA,-15.5033,-72.8318
YANAQUIHUA,-15.77649,-72.87584
LA HACIENDITA,-16.9986,-71.6008
CUYAU,-15.2182,-72.9359
PULLHUAY (AYAHUASI),-15.1459,-72.7439
PUYCA,-15.06055,-72.69262
HUANCASANCOS,-13.91694,-74.33361
HUANTA,-12.9113,-74.2832
HUASAPAMPA,-14.26667,-73.95
LLAUTA,-14.2466,-74.9255
LUCANAS,-14.6204,-74.2328
LAMPA,-15.18468,-73.34786
CHILCAYOC,-13.883,-73.7268
AYLAMBO,-7.19345,-78.51012
LA VICTORIA,-7.19119,-78.45947
CHOTANO LAJAS,-6.5622,-78.7389
CASCABAMBA,-7.38332,-78.73377
OCROS,-10.40457,-77.40025
CAHUA,-10.606,-77.34389
NUEVO PACHACOTO,-9.85242,-77.40607
CHIRIACO,-5.16144,-78.28806
SANTA MARIA DE NIEVA,-4.83039,-77.93928
EL PINTOR,-5.7562,-78.52286
MAGUNCHAL,-5.8904,-78.1891
MAGUNCHAL,-5.8898,-78.1886
EL PALTO,-6.00039,-78.47097
SAN PEDRO,-9.60776,-77.50963
CHACCHAN,-9.53519,-77.77536
PIRA,-9.58528,-77.70719
MAYORARCA,-10.15775,-77.34889
BUENA VISTA,-9.43371,-78.20825
CUNYAC,-13.56334,-72.57594
CHARCANI,-16.3109,-71.4949
LAS SALINAS,-16.3206,-71.1521
EL FRAYLE,-16.15482,-71.1891
PATAHUASI-AREQUIPA,-16.05542,-71.41481
PAMPA DE ARRIEROS,-16.0665,-71.5914
AYO,-15.6833,-72.2704
CHACHAS,-15.5025,-72.2686
GORGOR,-10.62136,-77.04027
ARAHUAY,-11.62091,-76.67034
HUAMANTANGA,-11.50247,-76.74675
HUAROS,-11.40743,-76.5758
PARIACANCHA,-11.39315,-76.50244
PARIACANCHA,-11.39315,-76.50294
LACHAQUI,-11.554,-76.62706
OBRAJILLO,-11.45264,-76.62206
PIRCA,-11.2328,-76.65513
AMAZONAS,-3.76668,-73.25308
PUENTE ITAYA,-4.22513,-73.48251
PUERTO ALMENDRA,-3.82743,-73.37741
SAN ROQUE,-3.78667,-73.29333
SEDA LORETO,-3.7528,-73.281
MORALILLO,-3.89967,-73.33833
ANGAMOS,-5.1512,-72.8752
ANGAMOS,-5.1498,-72.8771
BORJA,-4.4696,-77.5483
PUENTE INAMBARI,-13.18638,-70.38401
EL ESTRECHO,-2.453,-72.6812
EL ESTRECHO,-2.4467,-72.6643
SANTA CRUZ,-11.19827,-76.63487
ANTIOQUIA,-12.07773,-76.51359
CARAMPOMA,-11.65503,-76.51514
SHEQUE,-11.66095,-76.5023
MILLOC,-11.57046,-76.35017
MILLOC,-11.57131,-76.34995
CASAPALCA,-11.63804,-76.23332
RIO BLANCO,-11.73447,-76.25967
LANGA,-12.12645,-76.42108
AUTISHA,-11.73815,-76.61103
AUTISHA,-11.73523,-76.60659
SAN JOSE DE PARAC,-11.80053,-76.25811
SAN MATEO DE OTAO,-11.847,-76.5636
HUANCATA,-12.18618,-76.24066
SANTIAGO DE TUNA,-11.9832,-76.5242
AMBAR,-10.75484,-77.2668
PAMPA LIBRE,-10.86578,-76.97
PACHAMACHAY,-11.06525,-76.9141
PACCHO,-10.95602,-76.93473
PARQUIN,-10.96665,-76.71983
LAGUNA SURASACA,-10.5213,-76.7885
LAGUNA SURASACA,-10.5238,-76.7867
LAGUNA COCHAQUILLO,-10.80394,-76.65537
OYON,-10.66769,-76.7687
ANDAJES,-10.78333,-76.9
YAURICOCHA,-12.31478,-75.71209
AYAVIRI,-12.38208,-76.13672
CARANIA,-12.3444,-75.87215
VILCA,-12.11457,-75.82617
HUAÑEC,-12.29359,-76.13902
SAN PEDRO DE PILAS,-12.4548,-76.22559
TANTA,-12.11667,-76.01667
AMAZONAS,-3.76397,-73.25492
SANTA MARIA DE NANAY,-3.8891,-73.6961
MANITI,-3.5203,-72.8409
TIMICURILLO,-3.5237,-73.0834
BELLAVISTA,-3.4786,-73.068
BELLAVISTA,-3.4788,-73.068
LA LIBERTAD,-3.4863,-73.2337
LA LIBERTAD,-3.4863,-73.2339
SANTA CRUZ,-3.5169,-73.1526
SANTA CRUZ,-3.51725,-73.15411
SANTA CLOTILDE,-2.48757,-73.67919
SANTA CLOTILDE,-2.487,-73.679
SANTO TOMAS PUNCHANA,-3.69279,-73.25625
ENAPU PERU,-3.72722,-73.23694
SHANUSI,-6.06703,-76.2505
LAGUNAS,-5.2194,-75.6661
BORJA,-4.47,-77.548
NAUTA,-4.5146,-73.5831
SAN REGIS,-4.51301,-73.90751
SAN REGIS,-4.5132,-73.9076
SANTA RITA DE CASTILLA,-4.5922,-74.3806
 PUERTO ALEGRIA,-4.11491,-70.05391
SANTA ROSA,-4.22636,-69.95629
SANTA ROSA,-4.2242,-69.9535
REQUENA,-5.04308,-73.83612
REQUENA,-5.0411,-73.84
FLOR DE PUNGA,-5.4077,-74.1569
FLOR DE PUNGA,-5.4055,-74.1591
TAMANCO,-5.7921,-74.289
BRETAÑA,-5.2539,-74.3444
BAGAZAN,-4.724,-73.5321
GENARO HERRERA,-4.902,-73.6715
CONTAMANA,-7.3518,-75.0109
CONTAMANA,-7.3526,-75.0064
PAMPA UMALZO (TITIJONES),-16.8439,-70.5494
TUMILACA,-17.1277,-70.8369
OTORA,-17.0073,-70.8536
OTORA,-17.0041,-70.8504
ICHUÑA,-16.14109,-70.5427
ENTAZ,-10.72244,-75.26238
MIRAFLORES,-5.17528,-80.61654
PORCULLA,-5.83964,-79.50572
HACIENDA SHUMAYA,-5.36492,-79.36056
TULUCE,-5.47718,-79.34742
SONDORILLO,-5.33922,-79.41575
HACIENDA BIGOTE,-5.3209,-79.7857
ALAMOR,-4.47749,-80.3979
ALAMOR,-4.47401,-80.39915
PANANGA,-4.51556,-80.73945
MUELLE LAGO,-15.83361,-70.01694
PROGRESO,-14.6717,-70.3678
DESAGUADERO,-16.56327,-69.03682
CALLACAME,-16.57225,-69.31697
CAPAZO,-17.1827,-69.7391
COJATA,-15.0118,-69.3612
RAMIS,-15.2558,-69.8739
TARACO,-15.31167,-69.97247
SANTA LUCIA,-15.6941,-70.5993
PUENTE AYAVIRI,-14.89249,-70.58544
SANTA ROSA,-14.6178,-70.79278
CHUQUIBAMBILLA,-14.7879,-70.7285
ISLA SOTO,-15.56221,-69.48898
JULIACA,-15.4441,-70.2078
PUENTE ISLA CABANILLAS,-15.4718,-70.224
LAMPA,-15.4437,-70.2092
CUYO CUYO,-14.4888,-69.55
LIMBANI,-14.1397,-69.687
LIMBANI,-14.1481,-69.6902
TAMBOPATA,-14.22529,-69.16178
ISLA SUANA,-16.3299,-68.85034
JOSE OLAYA,-7.40711,-76.41389
CUZCO-BIAVO,-7.25442,-76.4771
BIAVO,-7.25497,-76.47778
LA UNION,-7.16319,-76.49275
NUEVO LIMA,-7.09628,-76.47233
CUÑUMBUQUE,-6.50825,-76.48075
SHANAO,-6.41312,-76.60028
SHANAO,-6.41291,-76.60001
PACAYZAPA,-6.2818,-76.76171
HUAYABAMBA,-7.26356,-76.73494
CAMPANILLA,-7.48434,-76.65311
PICOTA,-6.91989,-76.33022
NARANJILLO,-5.80964,-77.39264
PELEJO,-6.21531,-75.8025
PUCALLPA - HUIMBAYOC,-6.45278,-75.84556
CUMBAZA,-6.47251,-76.38199
SAN ANTONIO,-6.41274,-76.4072
CANAL UCHUSUMA,-17.5807,-69.6264
BOCATOMA,-17.5802,-69.62672
PAUCARANI,-17.53291,-69.78039
CAIRANI,-17.28121,-70.36269
ARICOTA,-17.32913,-70.23731
CHUAPALCA ALTERNATIVA ALTA,-17.28727,-69.6435
CHUAPALCA,-17.2981,-69.6468
LA FRONTERA,-17.3824,-69.4864
CHUAPALCA,-17.3088,-69.6618
TALABAYA,-17.5526,-69.9868
VILACOTA,-17.07906,-70.04302
VILACOTA,-17.0786,-70.0424
CABO INGA,-3.97594,-80.40182
EL SALTO,-3.45171,-80.2802
MATAPALO,-3.68277,-80.19857
PUCALLPA,-8.41323,-74.57185
EL MARONAL,-8.44999,-75.09681
LETRAYOC,-13.65773,-75.74496
HUANCANO,-13.60118,-75.62102
ACOPALCA,-11.9873,-75.1035
CHIRANI,-10.86167,-75.00632
CHIRANI,-10.86167,-75.00632
PUERTO OCOPA,-11.1467,-74.3051
CARHUACAYAN,-11.20267,-76.28505
RIO PALLANGA,-11.1865,-76.32569
RUMICHACA,-11.69886,-76.10639
YAULI,-11.66667,-76.08333
JULCAN,-8.04229,-78.48607
SINSICAP,-7.85021,-78.75503
PUENTE COINA,-7.79636,-78.38012
TALLA (GUADALUPE),-7.28005,-79.4191
HUANGACOCHA,-7.9375,-78.0681
LAGUNA HUANGACOCHA,-7.9325,-78.06705
MOLLEPATA,-8.19137,-77.95397
HUACAMARCANGA,-8.1221,-78.2937
HUACAMARCANGA,-8.1081,-78.2876
QUIRUVILCA,-8.00422,-78.30791
PUENTE PALMIRA,-7.54919,-78.81051
EL TAMBO,-7.57398,-78.70655
TINAJONES,-6.65493,-79.4279
INCAHUASI,-6.23389,-79.31806
CUEVA BLANCA,-6.1313,-79.4045
PUCHACA,-6.37361,-79.46951
PUCHACA,-6.37317,-79.46697
CERRO DE ARENA,-5.92461,-80.20463
PASAJE SUR,-5.91741,-79.97184
CUTERVO,-6.37964,-78.80512
LLAUCANO CORELLAMA,-6.68656,-78.51823
BAMBAMARCA,-6.67655,-78.51834
JAEN,-5.67664,-78.77416
LA CASCARILLA,-5.67175,-78.89767
CHONTALI,-5.64389,-79.09
SALLIQUE,-5.65886,-79.31264
SAN IGNACIO,-5.14708,-78.99512
CHIRINOS,-5.3085,-78.89759
NAMBALLE,-4.99953,-79.08862
TABACONAS,-5.31515,-79.28488
SAN MARCOS,-7.32249,-78.1727
SONDOR-MATARA,-7.23687,-78.21262
SAN MIGUEL,-6.99684,-78.85308
QUILCATE,-6.82275,-78.744
LLAPA,-6.97833,-78.81119
NIEPOS,-6.92511,-79.12902
SAN PABLO,-7.11775,-78.83083
SANTA CRUZ,-6.61657,-78.94761
UDIMA,-6.81474,-79.09377
GRANJA KAYRA,-13.55675,-71.87517
POMACANCHI,-14.02781,-71.57258
PUENTE CUNYAC,-13.563,-72.5752
ANTA ANCACHURO,-13.47242,-72.21876
PISAC,-13.41951,-71.85087
PISAC,-13.4226,-71.8539
QUEBRADA YANATILE,-12.6788,-72.2785
SICUANI,-14.23736,-71.2367
SALCCA,-14.16963,-71.23172
SANTO TOMAS,-14.39878,-72.08774
PARURO,-13.76698,-71.8447
PAUCARTAMBO,-13.3177,-71.5974
PAUCARTAMBO,-13.30347,-71.59668
CAICAY,-13.59999,-71.69581
CHACLLABAMBA,-13.10677,-71.7203
CHALLABAMBA,-13.21754,-71.64938
COLQUEPATA,-13.36313,-71.67336
QUINCEMIL,-13.22893,-70.7544
CCATCCA,-13.60988,-71.5601
URUBAMBA,-13.30517,-72.12455
MACHU PICCHU,-13.16655,-72.54585
PILCHACA,-12.39939,-75.08412
ACOBAMBA,-12.84361,-74.5616
LIRCAY,-12.9815,-74.7181
CHALLACA,-13.78333,-75.4
ACOSTAMBO,-12.36079,-75.05725
PAMPAS,-12.40203,-74.88414
COLCABAMBA,-12.415,-74.6835
SALCABAMBA,-12.204,-74.7794
CANCHAN,-9.92095,-76.30962
PUENTE HIGUERAS,-9.9222,-76.30938
HUANUCO,-9.95201,-76.24856
CARPISH,-9.70568,-76.09424
SAN RAFAEL,-10.3399,-76.1824
SAN RAFAEL,-10.32926,-76.17658
DOS DE MAYO,-9.7171,-76.77374
TINGO MARIA,-9.31016,-76.00049
TINGO MARIA,-9.29601,-76.00207
LA DIVISORIA,-9.20091,-75.81393
AUCAYACU,-8.92987,-76.11171
TULUMAYO,-9.14706,-76.00944
CHAGLLA,-9.85008,-75.90706
PUERTO INCA,-9.38271,-74.96792
PUERTO INCA,-9.3851,-74.96376
TOURNAVISTA,-8.92749,-74.70882
JACAS CHICO,-9.88474,-76.50094
TACAMA,-13.99978,-75.72052
OCUCAJE,-14.37844,-75.68208
SAN CAMILO,-14.07331,-75.71101
LOS MOLINOS (ALEJANDRO PLAZA GARCIA),-13.92475,-75.67869
HUAMANI,-13.843,-75.60704
FONAGRO (CHINCHA),-13.45781,-76.13425
SAN JUAN DE YANAC,-13.21058,-75.78697
SAN PEDRO DE HUACARPANA,-13.0479,-75.6464
HUALLPOCA,-14.63201,-74.95588
COPARA,-14.97501,-74.89082
PALPA,-14.54939,-75.18926
IMATA,-15.84266,-71.09062
SIBAYO,-15.4892,-71.45696
CHUQUIBAMBA,-15.84602,-72.65065
SALAMANCA,-15.50294,-72.83202
LA PASCANA,-16.99936,-71.63879
PAMPA BLANCA,-17.0716,-71.7245
COTAHUASI,-15.21134,-72.89325
MARCELINO SERNA (PAMPAS),-13.43453,-73.82791
WAYLLAPAMPA,-13.0765,-74.21651
LA QUINUA,-13.05548,-74.14159
SAN PEDRO DE CACHI,-13.08742,-74.39067
PUQUIO,-14.69928,-74.1316
HUAC-HUAS,-14.1324,-74.941
LLAUTA,-14.23998,-74.92135
CORACORA,-15.01194,-73.77945
PAUZA,-15.2753,-73.3411
PAUCARAY,-14.0439,-73.6386
HUANCAPI,-13.749,-74.0681
VILCASHUAMAN,-13.66882,-73.95238
MASHCON,-7.165,-78.47833
GRANJA PORCON,-7.03753,-78.6334
AUGUSTO WEBERBAUER,-7.1675,-78.49309
ASUNCION,-7.32604,-78.51582
COSPAN,-7.42857,-78.54106
LA ENCAÑADA,-7.12327,-78.33314
JESUS TUNEL,-7.22064,-78.40376
JESUS,-7.2457,-78.38841
MAGDALENA,-7.25346,-78.65261
NAMORA BOCATOMA,-7.24262,-78.29472
NAMORA,-7.2006,-78.32782
SAN JUAN,-7.29756,-78.49106
CAJABAMBA,-7.62166,-78.05131
CACHACHI,-7.45106,-78.26855
PUENTE CRISNEJAS,-7.46354,-78.11313
CELENDIN,-6.85292,-78.14485
BALZAS,-6.84465,-78.03024
CHOTA,-6.54713,-78.64863
COCHABAMBA,-6.46009,-78.8886
HUAMBOS,-6.45368,-78.96315
CHOTANO LAJAS,-6.55972,-78.74111
LLAMA,-6.51443,-79.12262
TOCMOCHE,-6.4101,-79.3557
CONTUMAZA,-7.36521,-78.82273
PUENTE CHILETE,-7.21969,-78.83799
CHILETE,-7.21968,-78.83799
SAN BENITO,-7.42819,-78.92673
HUARMEY,-10.06812,-78.16232
MALVAS,-9.92723,-77.65519
PISCOBAMBA II,-8.87045,-77.35072
CABANA,-8.39058,-78.00461
POMABAMBA,-8.8217,-77.45733
RECUAY,-9.72919,-77.45365
CHACHAPOYAS,-6.2083,-77.86712
ARAMANGO,-5.41994,-78.43553
JAZAN,-5.94485,-77.97569
LOS NARANJOS,-5.75568,-78.43154
BAGUA CHICA,-5.66148,-78.53396
JAMALCA,-5.8927,-78.2339
CAJAMARQUILLA,-9.63204,-77.74136
PARIACOTO,-9.55239,-77.88761
AIJA,-9.78164,-77.60674
CHIQUIAN,-10.14763,-77.15949
CHAVIN,-9.58598,-77.17526
CHAMANA,-10.20739,-77.55872
SIHUAS,-8.56667,-77.65
YUNGAY,-9.14189,-77.74998
CURAHUASI,-13.55253,-72.73487
GRANJA SAN ANTONIO,-13.6049,-72.8569
ANDAHUAYLAS,-13.64863,-73.36679
AYMARAES,-14.29056,-73.25168
TAMBOBAMBA,-13.94492,-72.17522
PAMPAS,-13.43488,-73.82427
CURPAHUASI,-14.0628,-72.6669
LA PAMPILLA,-16.4138,-71.53453
CHIGUATA,-16.40644,-71.40913
HUASACACHE,-16.45774,-71.56635
TINGO GRANDE,-16.45992,-71.57431
PUENTE DEL DIABLO,-16.42679,-71.67503
LA JOYA,-16.58359,-71.92464
HACIENDA PAMPATA,-16.54193,-72.69957
OCOÑA,-16.427,-73.1145
CAMANA,-16.64395,-72.70432
CARAVELI,-15.77568,-73.36259
PUNTA ATICO,-16.2317,-73.6964
CHAPARRA,-15.74765,-73.87089
LOMAS,-15.57119,-74.8503
HUATIAPA,-16.00806,-72.48355
APLAO,-16.07288,-72.49226
ANDAGUA,-15.5009,-72.3551
CHOCO,-15.5771,-72.1296
MACHAHUAY,-15.65321,-72.50322
ORCOPAMPA,-15.2639,-72.341
PAMPACOLCA,-15.7167,-72.5683
CHIVAY,-15.64163,-71.60169
CABANACONDE,-15.6226,-71.97409
CAYLLOMA,-15.18882,-71.77019
HUAMBO,-15.73201,-72.10693
HUANCA,-16.03458,-71.88108
CAJATAMBO,-10.47788,-76.98971
CANTA,-11.47121,-76.62569
OBRAJILLO,-11.45293,-76.62217
PUENTE MAGDALENA,-11.69463,-76.83719
LA CAPILLA,-12.52194,-76.49637
SOCSI CAÑETE,-13.03051,-76.20027
SOCSI,-13.0283,-76.19453
PACARAN,-12.86689,-76.05793
PACARAN,-12.86096,-76.05479
HUAYAN,-11.45281,-77.122
SANTO DOMINGO,-11.37009,-77.02823
PAMPA DE MAJES,-16.3357,-72.1525
HUANCAVELICA,-12.7715,-75.0124
PUERTO ALMENDRA,-3.8286,-73.377
LA YARADA,-18.2107,-70.5259
MATUCANA,-11.83913,-76.37792
ANTAPUCRO,-12.0314,-76.62437
RIO BLANCO,-11.7345,-76.25938
HUAROCHIRI,-12.13886,-76.23429
SAN LAZARO DE ESCOMARCA,-12.18088,-76.35207
SAN MATEO DE HUANCHOR,-11.76017,-76.301
SAN MATEO,-11.76012,-76.30111
SANTA EULALIA,-11.92,-76.66664
SANTA EULALIA,-11.91984,-76.66678
UNJF SANCHEZ CARRION - HUACHO,-11.12386,-77.60603
LOMAS DE LACHAY,-11.36014,-77.36839
ALCANTARILLA,-11.06068,-77.55011
PICOY,-10.92162,-76.73701
PICOY,-10.92164,-76.7367
SAYAN,-11.13476,-77.19832
CAMAY,-10.91294,-77.6489
YAUYOS,-12.49173,-75.91039
HUANGASCAR,-12.89858,-75.83365
TAMSHIYACU,-4.00356,-73.16112
TAMSHIYACU,-4.00316,-73.1614
FRANCISCO ORELLANA,-3.42333,-72.76667
MAZAN,-3.48817,-73.08182
PUNCHANA,-3.6903,-73.2556
SAN RAMON,-5.93559,-76.11813
SAN LORENZO,-4.82954,-76.55477
SAN LORENZO,-4.8322,-76.5554
LAGUNAS,-5.2171,-75.6679
NAUTA,-4.51336,-73.58375
CABALLOCOCHA,-3.9112,-70.5119
PEBAS,-3.3188,-71.8588
GENARO HERRERA,-4.91003,-73.66944
PUERTO MALDONADO,-12.5873,-69.2088
IÑAPARI,-10.95589,-69.578
MOQUEGUA,-17.17875,-70.93269
CARUMAS,-16.8115,-70.6954
CALACOA,-16.73988,-70.68765
YACANGO,-17.09078,-70.86699
TUMILACA,-17.12838,-70.83689
OMATE,-16.67531,-70.97925
PUQUINA,-16.62978,-71.18476
QUINISTAQUILLAS,-16.74971,-70.87858
UBINAS,-16.3888,-70.8541
PUNTA COLES,-17.69862,-71.37331
ILO,-17.62381,-71.27188
CERRO DE PASCO,-10.69341,-76.26421
YANAHUANCA,-10.4896,-76.5129
OXAPAMPA,-10.5642,-75.4184
SAN MIGUEL,-5.2462,-80.68436
PARTIDOR,-4.73197,-80.27982
AYABACA,-4.63776,-79.71077
ALTO DE POCLUS,-4.9169,-79.89047
SAPILLICA,-4.77817,-79.98178
HUANCABAMBA,-5.24681,-79.45399
SALALA,-5.11153,-79.46349
HUARMACA,-5.56479,-79.51975
SONDORILLO,-5.3398,-79.43137
CHULUCANAS,-5.10843,-80.16956
CHALACO,-5.03865,-79.79168
EL VIRREY,-5.5337,-79.98233
SAN PEDRO,-5.07954,-80.01621
SAN PEDRO,-5.0796,-80.01624
MORROPON,-5.19465,-79.97107
MALACASI,-5.33977,-79.85794
SANTO DOMINGO,-5.03825,-79.87049
LA ESPERANZA,-4.92114,-81.05969
LANCONES,-4.64288,-80.54717
MALLARES,-4.85574,-80.73556
EL ALTO,-4.26198,-81.21815
CHUSIS,-5.52756,-80.81275
BERNAL,-5.4545,-80.74262
PUNO,-15.82625,-70.01208
LOS UROS,-15.82039,-69.97413
RINCON DE LA CRUZ,-15.99017,-69.80961
ISLA TAQUILE,-15.77019,-69.69107
CAPACHICA,-15.61344,-69.84222
MAÑAZO,-15.79944,-70.33949
LARAQUERI,-16.13599,-70.04587
AZANGARO,-14.9172,-70.19046
PUENTE  AZANGARO,-14.91975,-70.18936
ARAPA,-15.1786,-70.109
MUÑANI,-14.76694,-69.95181
MACUSANI,-14.06674,-70.42205
CRUCERO,-14.36419,-70.02592
SAN GABAN,-13.4609,-70.41
JULI,-16.20378,-69.45992
PUENTE INTERNACIONAL DESAGUADERO,-16.5638,-69.0363
PUENTE YOROHOCO CALLACAME,-16.57065,-69.32278
PIZACOMA,-16.9043,-69.3695
ZAPATILLA,-16.1386,-69.5787
PUENTE ILAVE,-16.0882,-69.6317
ILAVE,-16.05994,-69.64039
MAZO CRUZ,-16.73888,-69.71544
HUANCANE,-15.20687,-69.7583
PUENTE CARRETERA HUANCANE,-15.21588,-69.79262
PUENTE CARRETERA RAMIS,-15.2553,-69.8738
LAMPA,-15.36109,-70.37415
PAMPAHUTA,-15.4837,-70.676
PUCARA,-15.04567,-70.36663
RIO VERDE,-15.68427,-70.60002
CRUCERO ALTO,-15.7643,-70.9113
AYAVIRI,-14.8688,-70.5916
LLALLY,-14.95286,-70.88052
HUARAYA MOHO,-15.3881,-69.4842
PUTINA,-14.921,-69.8757
ANANEA,-14.6763,-69.5339
PUENTE UNOCOLLA COATA,-15.45085,-70.19133
CABANILLAS,-15.63911,-70.34661
MOYOBAMBA,-6.04481,-76.96822
JEPELACIO,-6.11275,-76.90761
SORITOR,-6.142,-77.09179
BELLAVISTA,-7.05517,-76.55836
SAN PABLO,-6.80956,-76.57625
ALAO,-6.517,-76.73806
SAPOSOA,-6.94313,-76.76823
LAMAS,-6.41874,-76.52794
PONGO DE CAYNARACHI,-6.33047,-76.28175
TABALOSOS,-6.39533,-76.62533
HUAYABAMBA,-7.26871,-76.73701
PACHIZA,-7.29322,-76.77092
PICOTA,-6.91949,-76.3272
PILLUANA,-6.77631,-76.29056
SHAMBOYACU,-7.0223,-76.12911
SHAMBOYACU,-7.02302,-76.12952
TINGO DE PONAZA,-6.93722,-76.25267
RIOJA,-6.04728,-77.17197
TARAPOTO,-6.47597,-76.37039
CHAZUTA,-6.57119,-76.1315
EL PORVENIR,-6.58903,-76.31825
PUENTE TOCACHE,-8.18475,-76.50789
TANANTA,-8.11524,-76.58049
JORGE BASADRE,-18.02689,-70.25153
CALANA,-17.97458,-70.1932
CORUCA,-17.63312,-70.45456
SAMA GRANDE,-17.78758,-70.48962
CALIENTES,-17.884,-70.1425
PALCA,-17.77795,-69.95864
CANDARAVE,-17.26776,-70.25537
LOCUMBA,-17.6179,-70.761
ILABAYA,-17.41783,-70.51281
ITE,-17.86008,-70.95169
TARATA,-17.47935,-70.03663
SUSAPAYA,-17.34771,-70.13472
PUERTO PIZARRO,-3.5038,-80.39504
LA CRUZ,-3.62829,-80.56927
EL TIGRE,-3.76848,-80.45685
RICA PLAYA,-3.8119,-80.50546
CAÑAVERAL,-3.9391,-80.65058
PAPAYAL,-3.56732,-80.23324
AGUAYTIA,-9.04225,-75.50624
PUENTE AGUAYTIA,-9.03738,-75.50449
SAN ALEJANDRO,-8.83444,-75.21639
SAN ALEJANDRO,-8.83091,-75.21281
RIO GRANDE,-14.52648,-75.21306
PAMPA BLANCA,-14.23731,-75.10407
LETRAYOC,-13.65773,-75.74496
HACIENDA BERNALES,-13.74114,-75.96641
SANTA ANA,-12.00955,-75.22158
PUENTE BREÑA,-12.05216,-75.24051
VIQUES,-12.15603,-75.2283
RUNATULLO,-11.61812,-75.01224
COMAS,-11.74794,-75.13012
INGENIO,-11.87521,-75.29665
PICHANAKI,-10.93352,-74.86681
RIO TULUMAYO,-11.2091,-75.3348
RICRAN,-11.54,-75.5273
JAUJA,-11.78663,-75.48687
JUNIN,-11.14328,-75.98878
SATIPO,-11.2247,-74.6087
TARMA,-11.3967,-75.6899
HUASAHUASI,-11.2677,-75.6391
YANTAC,-11.34583,-76.40453
LA OROYA,-11.57177,-75.95762
HUAYAO,-12.0402,-75.32049
SAN JUAN DE JARPA,-12.12454,-75.43178
LAIVE,-12.25229,-75.36053
TRUJILLO,-8.11203,-78.9851
CHERREPE,-7.11887,-79.56118
CALLANCAS,-7.76747,-78.47727
SALPO,-8.00535,-78.6071
HUAMACHUCO,-7.81916,-78.04013
CACHICADAN,-8.09184,-78.14938
REQUE,-6.88613,-79.8355
OYOTUN,-6.86394,-79.32062
SIPAN,-6.80141,-79.60002
CAYALTI,-6.8808,-79.547
JAYANCA,-6.33159,-79.76869
PASABAR,-5.83722,-79.81908
LAMBAYEQUE,-6.73438,-79.90894
CAMPO DE MARTE,-12.07053,-77.04317
CHOSICA,-11.92986,-76.68975
CHOSICA,-11.92983,-76.68973
ÑAÑA,-11.98744,-76.84194
PUENTE HUACHIPA,-12.01281,-76.89441
YONAN GORE,-7.25592,-79.09909
CUTERVO,-6.37914,-78.81339
TUNEL CHOTANO,-6.54049,-78.78432
CUMBA,-5.94135,-78.66413
BAMBAMARCA M,-6.67981,-78.52346
BAMBAMARCA H,-6.66975,-78.54119
CHUGUR,-6.66878,-78.738
JAEN,-5.67667,-78.77418
CACAO,-5.88406,-78.96256
SAUZAL,-5.77168,-79.39769
HUALLAPE,-5.45077,-78.69579
SAN MARCOS,-7.32249,-78.17269
TONGOD,-6.74456,-78.81392
CAÑAD,-6.64934,-78.99733
CIRATO,-6.65583,-79.07384
PUENTE AMBAN,-6.58271,-78.91262
CHANCAY BAÑOS,-6.57489,-78.86721
POMACANCHI,-14.0278,-71.5726
SORAYPAMPA,-13.3955,-72.5736
ANCACHURO,-13.4724,-72.2188
CALCA,-13.33333,-71.95524
NUEVO PISAC,-13.42264,-71.85388
SAUSAYA,-14.52931,-71.35831
PAYAPUNKU,-14.4261,-71.28145
SICUANI,-14.23736,-71.23669
SIBINACOCHA,-13.92214,-71.01823
QUISOQUEPINA,-13.79505,-70.88622
SALCCA,-14.16991,-71.23186
MARCA CUNKA,-14.49847,-72.08952
SANTO TOMAS,-14.44896,-72.09645
HUAYHUAHUASI,-14.67242,-71.51991
PONGO DE MAINIQUE,-12.24986,-72.82447
SAN PABLO,-13.02506,-72.61988
PICHARI,-12.52296,-73.83956
PAUCARTAMBO,-13.3177,-71.59741
ACJANACO ,-13.19672,-71.61941
QUINCEMIL,-13.2289,-70.7544
ASHANAKU,-13.58048,-71.58878
URUBAMBA,-13.3052,-72.1246
QORIHUAYRACHINA,-13.22419,-72.43383
INTIHUATANA H,-13.18517,-72.52319
MACHUPICCHU,-13.16655,-72.54585
INTIHUATANA M,-13.17418,-72.56036
HUAYLLABAMBA,-13.26581,-72.44881
PACAYMAYO,-13.23419,-72.49841
CHILCA,-13.2235,-72.34056
COCHAMARCA,-12.99,-75.51019
HUACHOS,-13.21667,-75.53333
CHALLACA,-13.7898,-75.417
CORDOVA,-14.03333,-75.16667
CUSICANCHA,-13.48333,-75.3
CHALLACA M,-13.7905,-75.3821
SANTIAGO DE CHOCORVOS,-13.83333,-75.25
COCHABAMBA GRANDE,-12.19238,-74.51493
CHINCHAVITO,-9.515,-75.9425
PUENTE TARUCA,-9.85056,-76.1519
QUISCA,-10.08922,-76.21556
SAN MARTIN,-9.40385,-76.76482
CACHICOTO,-9.21931,-76.21294
PUENTE BELLA,-9.32411,-76.02935
TINGO MARIA,-9.29601,-76.00207
PUENTE PEREZ,-9.34694,-75.9825
PUERTO INCA,-9.3851,-74.96376
JESUS DE LAURICOCHA,-10.07819,-76.63119
PUCA PUCA,-9.87895,-76.5909
RAMADILLAS,-13.80857,-75.50129
LOS MOLINOS,-13.9102,-75.66696
HUAMANI EL TAMBO,-13.84386,-75.58944
BETA SANTIAGO,-14.23739,-75.67022
CONTA M,-13.43936,-75.97517
FONAGRO,-13.45944,-76.15167
SAN PEDRO DE HUACARPANA,-13.04889,-75.64806
HUALLPOCA,-14.63201,-74.95588
PALPA,-14.54935,-75.18921
IMATA,-15.84266,-71.09062
PILLONES,-15.97861,-71.21333
SUMBAY,-15.81667,-71.11667
SIBAYO,-15.49422,-71.4638
COTACOTA,-15.21331,-71.38955
VISCA VISCA,-14.7228,-71.9787
COROPUNA,-15.53597,-72.61056
CUYAU,-15.21794,-72.93564
COTAHUASI,-15.21134,-72.89331
PAMPA CANGALLO,-13.56184,-74.19889
SANTA CRUZ DE HOSPICIO,-13.4383,-74.7993
HUAC-HUAS,-14.12861,-74.94583
CCONTACC,-14.5423,-74.2642
PAMPA GALERAS,-14.66917,-74.40361
HURAY HUMA,-14.564,-73.5558
PAUZA,-15.275,-73.34083
PAUCARAY,-14.04361,-73.63833
UNC CAJAMARCA,-7.16747,-78.49307
CAJABAMBA,-7.62167,-78.05111
CRISNEJAS,-7.4639,-78.1131
CELENDIN,-6.85303,-78.14487
BALSAS,-6.84461,-78.03025
CHOTA,-6.55405,-78.67588
HUAMBOS,-6.45364,-78.96319
PUENTE SAN CARLOS,-6.61515,-79.27136
LA MUCHALA,-6.47998,-79.22406
CASCABAMBA,-7.38407,-78.72682
PUENTE CHILETE,-7.21968,-78.83798
GUZMANGO,-7.38133,-78.9033
SAUCEPAMPA,-9.0309,-77.7763
PUENTE CAHUA,-10.60597,-77.34388
RECUAY,-9.72919,-77.45365
PACHACOTO,-9.85243,-77.40607
SHAQUEK,-10.07116,-77.52504
PUENTE SALINAS AMOJAO,-5.45096,-78.4894
BAGUA,-5.66145,-78.53403
CORRAL QUEMADO,-5.75461,-78.69208
MAGUNCHAL,-5.88987,-78.18876
NARANJITO,-5.81968,-78.27598
BUENA VISTA,-9.43372,-78.20828
CHAVIN,-9.58598,-77.17529
CONDORCERRO,-8.65793,-78.26172
SAN JACINTO,-9.141,-78.2023
CURAHUASI,-13.5526,-72.7349
GRANJA SAN ANTONIO,-13.60492,-72.85693
HUACULLO,-14.65289,-72.57275
CASACCANCHA,-13.98923,-72.29832
PUENTE PAMPAS GORE APU,-13.43493,-73.82737
TANCAYLLO,-13.63523,-73.69004
AREQUIPA UV,-16.4042,-71.55155
LA PAMPILLA,-16.41384,-71.53452
CAYMA,-16.31689,-71.57919
CHARCANI,-16.31086,-71.49511
CHIGUATA,-16.40645,-71.40914
HUASACACHE,-16.45774,-71.56635
TINGO GRANDE,-16.45992,-71.57431
SAN FRANCISCO,-16.38519,-71.49044
TUCTUMPAYA,-16.48827,-71.33463
SAN JOSE DE UZUNA,-16.58103,-71.32836
LAS SALINAS,-16.32064,-71.15212
PUENTE DEL DIABLO,-16.42665,-71.67507
BOYADERO,-16.58989,-72.00886
PATAHUASI,-16.05542,-71.41481
YURA,-16.30271,-71.62395
SOCOSANI,-16.25944,-71.72056
CAMANA,-16.64395,-72.70432
OCOÑA,-16.427,-73.1145
HUATIAPA,-16.00806,-72.48355
CHIVAY,-15.64163,-71.60169
HUANCA,-16.03458,-71.88108
SAN MARTIN DE PORRES,-12.00889,-77.08447
SANTA ANITA,-12.04302,-76.97144
LAS PALMAS,-12.15675,-77.01303
VILLA MARIA DEL TRIUNFO,-12.16639,-76.92
HUAROS,-11.40744,-76.57584
LA CAPILLA SENAMHI,-12.52183,-76.49658
CAÑETE,-13.07475,-76.33042
SOCSI,-13.02825,-76.1945
SANTO DOMINGO,-11.37,-77.02833
PIRCA,-11.23284,-76.65514
PUENTE CALLANTAMA,-11.2989,-76.8518
PAMPA DE MAJES,-16.33565,-72.15266
HUANCAVELICA,-12.77163,-75.01237
AMAZONAS,-3.76397,-73.25492
VICHAYCOCHA,-11.13916,-76.62455
SANTA CRUZ,-11.19827,-76.63487
CARAC,-11.19005,-76.77937
CUCHUANCA,-11.20158,-76.7881
MATUCANA,-11.83911,-76.378
PUENTE ANTAPUCRO,-12.0333,-76.6333
CASAPALCA,-11.638,-76.23325
SAN MATEO ,-11.76012,-76.30111
SAN MATEO DE OTAO,-11.847,-76.56359
SANTA EULALIA,-11.92,-76.66664
SANTIAGO DE TUNA,-11.9832,-76.5242
PICOY,-10.92159,-76.73703
SAYAN,-11.13472,-77.19833
CARANIA,-12.3444,-75.87215
ENAPU PERU,-3.72722,-73.23694
CABALLOCOCHA,-3.91125,-70.51206
PEBAS,-3.31791,-71.85962
CONTAMANA,-7.35254,-75.00632
BILINGURSTH,-12.56083,-69.18949
CACHUELA,-12.60442,-69.18304
PUENTE HERRERA,-12.61361,-69.19413
TAMBOPATA,-12.5925,-69.17529
PUERTO MALDONADO,-12.5873,-69.2088
MALINOWSKY,-12.93411,-69.5175
SALVACION,-12.8312,-71.36446
IÑAPARI,-10.95589,-69.578
MOQUEGUA,-17.17874,-70.93267
12 DE OCTUBRE,-10.60641,-76.52927
OXAPAMPA,-10.59417,-75.38417
PUERTO BERMUDEZ,-10.28619,-74.94356
MIRAFLORES,-5.17528,-80.61654
PARTIDOR,-4.73197,-80.27978
LAGARTERA,-4.7285,-80.06956
BOCATOMA CHIPILLICO,-4.7142,-80.11825
TAMBO GRANDE,-4.93848,-80.34703
HUALCUY,-4.74701,-79.60729
ALTO DE POCLUS,-4.91691,-79.89052
PAIMAS,-4.63439,-79.94581
SAPILLICA,-4.79639,-79.99972
EL CIRUELO,-4.29899,-80.1673
PUENTE MACARA,-4.39338,-79.96412
HUANCABAMBA,-5.24681,-79.45399
HUARMACA,-5.56586,-79.52544
CANCHAQUE,-5.40055,-79.6052
PUENTE ÑACARA,-5.1128,-80.17296
CHULUCANAS,-5.10844,-80.16954
CORRAL DEL MEDIO,-5.18871,-79.89148
CHALACO,-5.03389,-79.83
SAN PEDRO,-5.07954,-80.0162
MORROPON,-5.19465,-79.97107
SALITRAL,-5.34602,-79.83761
MALACASI,-5.33977,-79.85794
HACIENDA BIGOTE ,-5.32089,-79.78569
HACIENDA BARRIOS,-5.2895,-79.69909
SANTO DOMINGO,-5.03827,-79.87049
PUENTE SIMON RODRIGUEZ,-4.87999,-81.02038
LANCONES,-4.6429,-80.54716
ALAMOR,-4.47749,-80.39788
LA ARDILLA,-4.49094,-80.38819
CHUSIS,-5.51694,-80.83361
BERNAL,-5.45449,-80.74262
PUNO,-15.82625,-70.01208
ENAFER,-15.83647,-70.016
ILLPA,-15.68726,-70.07988
LARAQUERI,-16.13592,-70.04589
PUENTE AZANGARO,-14.92139,-70.18861
UPINA,-13.88492,-70.08281
AYMAÑA,-13.87279,-70.66759
CRUCERO,-14.36416,-70.02583
DESAGUADERO,-16.56364,-69.03667
PUENTE CARRETERA RAMIS,-15.25544,-69.87381
HUANCASAYA,-15.14308,-69.21467
LAMPA,-15.36296,-70.37343
CABANILLAS,-15.63909,-70.34661
PAMPAHUTA,-15.48369,-70.67599
CRUCERO ALTO,-15.76448,-70.911
PALCA,-15.2359,-70.59313
ANANSAYA -PUNA,-14.33386,-70.52334
JULIACA,-15.47106,-70.17122
JEPELACIO,-6.11275,-76.90761
BELLAVISTA,-7.05517,-76.55836
TINGO DE PONAZA,-6.93722,-76.25267
NARANJILLO,-5.80962,-77.39321
EL PORVENIR,-6.58906,-76.31824
TOCACHE,-8.18475,-76.50789
CERRO BLANCO,-17.96873,-70.15231
CORUCA,-17.63312,-70.45456
LA TRANCA,-17.74313,-70.47178
CAPLINA,-17.6921,-69.92511
CHALLATA,-17.81542,-70.09896
REPRESA PAUCARANI,-17.53436,-69.76499
BOCATOMA EL AYRO,-17.58019,-69.62673
CANDARAVE,-17.268,-70.25409
CORACHAY II,-17.11435,-70.28838
LAGUNA ARICOTA,-17.37093,-70.30847
PUENTE VIEJO,-17.61756,-70.76097
TICAPAMPA,-17.47659,-70.54263
TARATA,-17.47937,-70.03665
CHUAPALCA,-17.30882,-69.66179
PUENTE TALAPALCA,-17.47487,-70.17265
ANCOAQUE,-17.19972,-69.93917
VILACOTA,-17.07909,-70.04302
SALIDA TUNEL KOVIRE,-17.23804,-70.00854
REPRESA JARUMAS,-17.3692,-69.94863
PUERTO PIZARRO,-3.50396,-80.39538
PUENTE TUMBES,-3.5709,-80.4609
CAMPAMENTO SEDE,-3.55115,-80.42962
RICA PLAYA,-3.81333,-80.4575
HUASIMO,-3.99815,-80.50392
CABO INGA M,-3.97594,-80.40182
CABO INGA H,-3.97873,-80.39938
EL TIGRE,-3.7687,-80.45689
CAÑAVERAL,-3.93905,-80.65055
MATAPALO,-3.68276,-80.19851
CALLERIA,-7.89825,-74.49886
PUERTO ESPERANZA,-9.77083,-70.70666
LETRAYOC,-13.65773,-75.74496
HUAYTAPALLANA,-11.92717,-75.06186
SATIPO,-11.2247,-74.6087
POTSOTENI,-11.41316,-74.14723
TARMA,-11.3967,-75.6899
CHACAPALPA,-11.7525,-75.74226
MARCAPOMACOCHA,-11.40443,-76.32508
SALINAR,-7.66069,-78.96109
CASAGRANDE,-7.75031,-79.18869
CALLANCAS,-7.7675,-78.47729
LA FORTUNA,-7.67042,-78.40242
USQUIL,-7.8186,-78.41497
PUENTE COINA,-7.79636,-78.38012
CAPACHIQUE,-7.85642,-78.31184
TICAPAMPA,-7.91641,-77.90148
QUIRUVILCA,-8.00419,-78.3079
PUENTE PALMIRA,-7.54919,-78.81051
CASCAS,-7.47987,-78.82367
LUCMA,-7.64333,-78.55135
EL TAMBO,-7.57398,-78.70655
MARMOT,-7.7635,-78.66725
TINAJONES,-6.65489,-79.42792
VISTA FLORIDA,-6.72775,-79.78088
PUCHACA,-6.37353,-79.46673
TONGORRAPE,-6.06692,-79.68203
EL VIRREY,-5.53579,-79.98416
PASABAR,-5.83714,-79.81911
ANTONIO RAYMONDI,-11.77606,-77.15139
CERES,-12.02867,-76.92711
AGUA AZUL BOCATOMA,-11.80778,-76.99766
CARABAYLLO,-11.90219,-77.03364
CAMPO DE MARTE,-12.07056,-77.04314
VON HUMBOLDT,-12.08221,-76.93944
ÑAÑA,-11.98744,-76.84194
CHOSICA,-11.92986,-76.68964
PUENTE PIEDRA,-11.86325,-77.07413
SAN BORJA,-12.10859,-77.00769
SAN JUAN DE LURIGANCHO,-11.98164,-76.99925
